Module ID,Module Name,Field Key,Context,Portuguese (Source),EN,ES,FR,RU,AR,ZH,EL,HI
acne,"Manejo da Acne Vulgaris",titulo,"Module title","Manejo da Acne Vulgaris","","","","","","","",""
acne,"Manejo da Acne Vulgaris",descricao,"Module description","A acne vulgaris é uma condição inflamatória crônica da unidade pilosebácea que afeta comumente adultos, adolescentes e pré-adolescentes com 9 anos ou mais . É uma das condições de pele mais comuns em crianças e adolescentes, com apresentação, diagnóstico diferencial e associações com patologias sistêmicas variando por idade . O manejo envolve abordagens tópicas, sistêmicas e dermocosméticas, com impacto negativo na qualidade de vida, incluindo ansiedade e depressão . Condições associadas como síndrome dos ovários policísticos (SOP) podem contribuir para acne em mulheres .","","","","","","","",""
acne,"Manejo da Acne Vulgaris",sus.indicacao,"SUS screening indication","No SUS, o manejo da acne é recomendado para pacientes com lesões moderadas a graves, priorizando tratamentos acessíveis e protocolos dermatológicos latino-americanos .","","","","","","","",""
acne,"Manejo da Acne Vulgaris",sus.populacaoAlvo,"SUS target population","Adolescentes e adultos com acne vulgaris sintomática, incluindo aqueles com comorbidades como SOP .","","","","","","","",""
acne,"Manejo da Acne Vulgaris",sus.periodicidade,"SUS screening frequency","Avaliação clínica inicial e follow-up a cada 4-6 semanas durante tratamento ativo .","","","","","","","",""
acne,"Manejo da Acne Vulgaris",sociedadesMedicas.indicacao,"Medical societies screening indication","As diretrizes da American Academy of Dermatology (AAD) recomendam manejo baseado em gravidade, com terapias tópicas para leve, combinação para moderada e sistêmicas para grave . Sociedade Endócrina para acne associada a SOP .","","","","","","","",""
acne,"Manejo da Acne Vulgaris",epidemiologia.prevalencia,"Prevalence data","Alta prevalência em adolescentes e jovens adultos, afetando comumente populações pediátricas e adultas . Prevalência global estimada em até 80-90% durante a adolescência .","","","","","","","",""
acne,"Manejo da Acne Vulgaris",epidemiologia.incidencia,"Incidence data","Incidência aumenta na puberdade, com picos em 12-24 anos .","","","","","","","",""
acne,"Manejo da Acne Vulgaris",epidemiologia.mortalidade,"Mortality data","Mortalidade negligible, mas morbidade significativa devido a cicatrizes e impacto psicológico .","","","","","","","",""
alzheimer,"Diagnóstico e Avaliação de Doença de Alzheimer",titulo,"Module title","Diagnóstico e Avaliação de Doença de Alzheimer","","","","","","","",""
alzheimer,"Diagnóstico e Avaliação de Doença de Alzheimer",descricao,"Module description","A doença de Alzheimer é a forma mais comum de demência, caracterizada por declínio cognitivo progressivo . As diretrizes recomendam avaliação estruturada para suspeita de comprometimento cognitivo em cuidados primários e especializados . A avaliação inclui história clínica, testes cognitivos e exclusão de causas reversíveis .","","","","","","","",""
alzheimer,"Diagnóstico e Avaliação de Doença de Alzheimer",sus.indicacao,"SUS screening indication","Avaliação diagnóstica para pacientes com suspeita de declínio cognitivo ou queixas de memória, sem programa de rastreamento populacional rotineiro .","","","","","","","",""
alzheimer,"Diagnóstico e Avaliação de Doença de Alzheimer",sus.populacaoAlvo,"SUS target population","Idosos acima de 65 anos com fatores de risco como história familiar, hipertensão ou Down syndrome .","","","","","","","",""
alzheimer,"Diagnóstico e Avaliação de Doença de Alzheimer",sus.periodicidade,"SUS screening frequency","Sob demanda clínica, sem periodicidade fixa; reavaliação anual para MCI .","","","","","","","",""
alzheimer,"Diagnóstico e Avaliação de Doença de Alzheimer",sociedadesMedicas.indicacao,"Medical societies screening indication","Avaliação diagnóstica recomendada pela Alzheimer\","","","","","","","",""
alzheimer,"Diagnóstico e Avaliação de Doença de Alzheimer",epidemiologia.prevalencia,"Prevalence data","A prevalência global de demência é de aproximadamente 55 milhões de casos, com Alzheimer representando 60-70% . No Brasil, estima-se 1,5 milhão de casos de demência .","","","","","","","",""
alzheimer,"Diagnóstico e Avaliação de Doença de Alzheimer",epidemiologia.incidencia,"Incidence data","Incidência anual global de demência ~10 milhões de novos casos . Para Alzheimer, ~5-10 por 1.000 pessoas-ano em idosos >65 anos .","","","","","","","",""
alzheimer,"Diagnóstico e Avaliação de Doença de Alzheimer",epidemiologia.mortalidade,"Mortality data","Alzheimer é a 7ª principal causa de morte global, com ~2 milhões de óbitos anuais . No Brasil, contribui para 5-10% das mortes em idosos .","","","","","","","",""
ansiedade,"Rastreamento de Transtornos de Ansiedade",titulo,"Module title","Rastreamento de Transtornos de Ansiedade","","","","","","","",""
ansiedade,"Rastreamento de Transtornos de Ansiedade",descricao,"Module description","Os transtornos de ansiedade representam um grupo de condições psiquiátricas comuns, caracterizadas por preocupação excessiva e medo, impactando a funcionalidade diária . O rastreamento precoce em atenção primária é crucial para identificar casos e iniciar intervenções, reduzindo o risco de cronicidade . No contexto brasileiro, a integração ao SUS promove acesso equitativo ao diagnóstico .","","","","","","","",""
ansiedade,"Rastreamento de Transtornos de Ansiedade",sus.indicacao,"SUS screening indication","Rastreamento indicado para indivíduos com sintomas persistentes de ansiedade em atenção básica, incluindo adultos e adolescentes com queixas emocionais .","","","","","","","",""
ansiedade,"Rastreamento de Transtornos de Ansiedade",sus.populacaoAlvo,"SUS target population","Adultos ≥18 anos com fatores de risco como estresse crônico ou comorbidades; adolescentes com sinais de sofrimento psicológico .","","","","","","","",""
ansiedade,"Rastreamento de Transtornos de Ansiedade",sus.periodicidade,"SUS screening frequency","Avaliação inicial e follow-up anual ou conforme necessidade clínica .","","","","","","","",""
ansiedade,"Rastreamento de Transtornos de Ansiedade",sociedadesMedicas.indicacao,"Medical societies screening indication","A American Psychiatric Association (2023) recomenda rastreamento sistemático em adultos com sintomas de ansiedade em contextos de atenção primária .","","","","","","","",""
ansiedade,"Rastreamento de Transtornos de Ansiedade",epidemiologia.prevalencia,"Prevalence data","A prevalência global de transtornos de ansiedade é de aproximadamente 4% em adultos . No Brasil, estima-se em 9,3% da população adulta .","","","","","","","",""
ansiedade,"Rastreamento de Transtornos de Ansiedade",epidemiologia.incidencia,"Incidence data","A incidência anual varia de 2-5% em populações adultas . No contexto brasileiro, cerca de 3% novos casos por ano .","","","","","","","",""
ansiedade,"Rastreamento de Transtornos de Ansiedade",epidemiologia.mortalidade,"Mortality data","Baixa mortalidade direta, mas associada a 20-30% de risco aumentado de suicídio . No Brasil, contribui indiretamente para 5% das mortes por causas externas .","","","","","","","",""
asma,"Manejo da Asma",titulo,"Module title","Manejo da Asma","","","","","","","",""
asma,"Manejo da Asma",descricao,"Module description","A asma é uma doença inflamatória crônica das vias aéreas caracterizada por episódios recorrentes de sibilância, dispneia, aperto torácico e tosse, com variabilidade ao longo do tempo e reversibilidade espontânea ou com tratamento . O manejo precoce é essencial para controle dos sintomas e prevenção de exacerbações . No contexto brasileiro, o Protocolo Clínico do SUS enfatiza o acesso a medicamentos e educação do paciente .","","","","","","","",""
asma,"Manejo da Asma",sus.indicacao,"SUS screening indication","Diagnóstico e manejo de pacientes com suspeita ou confirmação de asma, incluindo avaliação de controle e prevenção de crises . Recomendado para todos os pacientes com sintomas respiratórios persistentes ou recorrentes .","","","","","","","",""
asma,"Manejo da Asma",sus.populacaoAlvo,"SUS target population","Crianças, adolescentes e adultos com sintomas como tosse noturna, sibilância e dispneia; priorizando grupos de risco como alérgicos e fumantes .","","","","","","","",""
asma,"Manejo da Asma",sus.periodicidade,"SUS screening frequency","Avaliação clínica a cada 1-3 meses para ajuste terapêutico; monitoramento anual de função pulmonar .","","","","","","","",""
asma,"Manejo da Asma",sociedadesMedicas.indicacao,"Medical societies screening indication","A Global Initiative for Asthma (GINA 2024) recomenda diagnóstico baseado em história clínica e testes de função pulmonar, com manejo escalonado para controle . A Sociedade Brasileira de Pneumologia e Tisiologia (SBPT 2021) enfatiza abordagem personalizada e uso de ICS desde o início .","","","","","","","",""
asma,"Manejo da Asma",epidemiologia.prevalencia,"Prevalence data","A prevalência global varia de 1% a 18% em diferentes populações . No Brasil, estima-se em cerca de 10% em adultos urbanos .","","","","","","","",""
asma,"Manejo da Asma",epidemiologia.incidencia,"Incidence data","A incidência anual global é de 5-10 casos por 1.000 pessoas . No Brasil, aproximadamente 3-5% ao ano em crianças .","","","","","","","",""
asma,"Manejo da Asma",epidemiologia.mortalidade,"Mortality data","A mortalidade global é baixa, cerca de 0,1-0,2 por 100.000 habitantes, mas subnotificada em países em desenvolvimento . No Brasil, contribui para 2-3% das mortes por doenças respiratórias .","","","","","","","",""
celulite,"Celulite (Infecção Bacteriana da Pele)",titulo,"Module title","Celulite (Infecção Bacteriana da Pele)","","","","","","","",""
celulite,"Celulite (Infecção Bacteriana da Pele)",descricao,"Module description","A celulite é uma infecção bacteriana aguda da derme e tecido subcutâneo, geralmente causada por Streptococcus ou Staphylococcus . Caracteriza-se por eritema, calor, edema e dor local . É uma das infecções de pele mais comuns, com potencial para complicações como abscessos ou sepse . No contexto brasileiro, a vigilância é essencial em populações vulneráveis .","","","","","","","",""
celulite,"Celulite (Infecção Bacteriana da Pele)",sus.indicacao,"SUS screening indication","Vigilância e detecção precoce de infecções de pele e partes moles em atenção básica, especialmente em casos de exposição a fatores de risco como feridas ou comorbidades .","","","","","","","",""
celulite,"Celulite (Infecção Bacteriana da Pele)",sus.populacaoAlvo,"SUS target population","Populações vulneráveis, incluindo diabéticos, imunossuprimidos, idosos e indivíduos em áreas endêmicas de zoonoses relacionadas .","","","","","","","",""
celulite,"Celulite (Infecção Bacteriana da Pele)",sus.periodicidade,"SUS screening frequency","Monitoramento contínuo e caso a caso, sem periodicidade fixa para rastreamento populacional .","","","","","","","",""
celulite,"Celulite (Infecção Bacteriana da Pele)",sociedadesMedicas.indicacao,"Medical societies screening indication","Diagnóstico e manejo de celulite em pacientes com sinais de infecção cutânea aguda, priorizando tratamento empírico .","","","","","","","",""
celulite,"Celulite (Infecção Bacteriana da Pele)",epidemiologia.prevalencia,"Prevalence data","A prevalência de celulite é estimada em 1-5% em populações gerais, com maior incidência em diabéticos (até 20%) . No Brasil, representa cerca de 10% das infecções de pele atendidas em serviços de saúde .","","","","","","","",""
celulite,"Celulite (Infecção Bacteriana da Pele)",epidemiologia.incidencia,"Incidence data","Incidência global de 24,6 casos por 1.000 pessoas-ano em adultos . No Brasil, estima-se 15-20 casos por 1.000 habitantes anualmente em regiões urbanas .","","","","","","","",""
celulite,"Celulite (Infecção Bacteriana da Pele)",epidemiologia.mortalidade,"Mortality data","Mortalidade baixa (1-5%) em casos não complicados, mas até 20% em sepse associada . No Brasil, contribui para 2-3% das mortes por infecções sistêmicas .","","","","","","","",""
demencia,"Demência",titulo,"Module title","Demência","","","","","","","",""
demencia,"Demência",descricao,"Module description","A demência é uma síndrome caracterizada por deterioração progressiva das funções cognitivas, acompanhada de sintomas psiquiátricos e distúrbios comportamentais que levam a incapacidade progressiva e irreversível . É a segunda principal causa de demência neurodegenerativa, com impacto significativo na qualidade de vida de pacientes e familiares . Há evidências de associação entre periodontite e demência, recomendando prevenção e manejo integrado . O diagnóstico precoce utiliza biomarcadores como PET imaging e testes sanguíneos para condições associadas, como doença de Alzheimer . Considerações éticas incluem manejo nutricional e prevenção de reações adversas a medicamentos em idosos . Investigação genética é recomendada em casos selecionados . Consensos enfatizam nutrição enteral controversa em estágios avançados .","","","","","","","",""
demencia,"Demência",sus.indicacao,"SUS screening indication","Avaliação cognitiva para idosos com suspeita de declínio cognitivo ou fatores de risco, sem programa de rastreamento populacional rotineiro, priorizando diagnóstico precoce na atenção básica ","","","","","","","",""
demencia,"Demência",sus.populacaoAlvo,"SUS target population","Idosos ≥65 anos com sintomas sugestivos, comorbidades ou fatores de risco como polimedicação e comorbidades ","","","","","","","",""
demencia,"Demência",sus.periodicidade,"SUS screening frequency","Avaliação anual em idosos sintomáticos ou a cada 1-2 anos em grupos de risco na atenção primária ","","","","","","","",""
demencia,"Demência",sociedadesMedicas.indicacao,"Medical societies screening indication","Diagnóstico utilizando biomarcadores de imagem PET e sanguíneos para condições neurodegenerativas associadas à demência, incluindo Alzheimer e demência com corpos de Lewy; prevenção de eventos adversos medicamentosos e manejo nutricional ","","","","","","","",""
demencia,"Demência",epidemiologia.prevalencia,"Prevalence data","Globalmente, a prevalência de demência em adultos >60 anos é de aproximadamente 5-8%, afetando milhões devido ao envelhecimento populacional ","","","","","","","",""
demencia,"Demência",epidemiologia.incidencia,"Incidence data","Incidência anual de cerca de 1-2% em idosos >65 anos, com aumento em populações com comorbidades como periodontite ","","","","","","","",""
demencia,"Demência",epidemiologia.mortalidade,"Mortality data","Demência contribui para cerca de 7% das mortes em idosos, com impacto significativo em qualidade de vida e autonomia ","","","","","","","",""
depressao,"Rastreamento de Depressão",titulo,"Module title","Rastreamento de Depressão","","","","","","","",""
depressao,"Rastreamento de Depressão",descricao,"Module description","A depressão é uma condição frequente, recorrente e crônica com altos níveis de incapacidade funcional . O rastreamento visa à identificação precoce em atenção primária para melhorar desfechos clínicos .","","","","","","","",""
depressao,"Rastreamento de Depressão",sus.indicacao,"SUS screening indication","Rastreamento recomendado em atenção primária para identificação de sintomas depressivos em populações vulneráveis .","","","","","","","",""
depressao,"Rastreamento de Depressão",sus.populacaoAlvo,"SUS target population","Adultos ≥18 anos com fatores de risco como estresse crônico, perdas recentes ou comorbidades .","","","","","","","",""
depressao,"Rastreamento de Depressão",sus.periodicidade,"SUS screening frequency","Oportunístico durante consultas de rotina ou anualmente em grupos de risco .","","","","","","","",""
depressao,"Rastreamento de Depressão",sociedadesMedicas.indicacao,"Medical societies screening indication","A Associação Brasileira de Psiquiatria recomenda rastreamento para diagnóstico precoce de depressão maior .","","","","","","","",""
depressao,"Rastreamento de Depressão",epidemiologia.prevalencia,"Prevalence data","No Brasil, a prevalência de depressão é estimada em 5,8% na população adulta .","","","","","","","",""
depressao,"Rastreamento de Depressão",epidemiologia.incidencia,"Incidence data","A incidência anual é de aproximadamente 3-4% em adultos .","","","","","","","",""
depressao,"Rastreamento de Depressão",epidemiologia.mortalidade,"Mortality data","A depressão contribui para cerca de 800 mil suicídios globais por ano, com impacto significativo no Brasil .","","","","","","","",""
dermatite-atopica,"Dermatite Atópica",titulo,"Module title","Dermatite Atópica","","","","","","","",""
dermatite-atopica,"Dermatite Atópica",descricao,"Module description","A dermatite atópica é uma doença inflamatória crônica da pele, caracterizada por prurido intenso e lesões eczematosas . Afeta principalmente crianças, com prevalência global variando de 15-20% em menores de 5 anos . No Brasil, estima-se que afete cerca de 10-15% das crianças . O manejo envolve hidratação, corticoides tópicos e, em casos graves, imunossupressores .","","","","","","","",""
dermatite-atopica,"Dermatite Atópica",sus.indicacao,"SUS screening indication","Diagnóstico e manejo inicial em atenção primária para pacientes com suspeita de dermatite atópica, com encaminhamento para especialista em casos moderados a graves .","","","","","","","",""
dermatite-atopica,"Dermatite Atópica",sus.populacaoAlvo,"SUS target population","Crianças e adultos com prurido recorrente, lesões eczematosas e história familiar de atopia .","","","","","","","",""
dermatite-atopica,"Dermatite Atópica",sus.periodicidade,"SUS screening frequency","Avaliação clínica a cada 3-6 meses para controle de sintomas .","","","","","","","",""
dermatite-atopica,"Dermatite Atópica",sociedadesMedicas.indicacao,"Medical societies screening indication","A Academia Americana de Dermatologia (AAD 2023) recomenda diagnóstico baseado em critérios clínicos e manejo escalonado com emolientes e anti-inflamatórios tópicos .","","","","","","","",""
dermatite-atopica,"Dermatite Atópica",epidemiologia.prevalencia,"Prevalence data","Prevalência global em crianças: 15-20% ; em adultos: 1-3% . No Brasil: 12% em crianças urbanas .","","","","","","","",""
dermatite-atopica,"Dermatite Atópica",epidemiologia.incidencia,"Incidence data","Incidência anual global: 10-15% em lactentes ; no Brasil: aproximadamente 8-10 casos por 1.000 crianças/ano .","","","","","","","",""
dermatite-atopica,"Dermatite Atópica",epidemiologia.mortalidade,"Mortality data","Baixa mortalidade direta, mas associada a infecções secundárias (0,1-0,5% dos casos graves) ; no Brasil, contribui indiretamente para 0,2% das mortes por infecções cutâneas .","","","","","","","",""
diabetes-mellitus-2,"Diabetes Mellitus Tipo 2",titulo,"Module title","Diabetes Mellitus Tipo 2","","","","","","","",""
diabetes-mellitus-2,"Diabetes Mellitus Tipo 2",descricao,"Module description","O diabetes mellitus tipo 2 (DM2) é uma doença metabólica crônica caracterizada por hiperglicemia resultante de defeitos na secreção de insulina e/ou ação da insulina . Representa a forma mais prevalente de diabetes, afetando milhões globalmente e sendo uma das principais causas de morbimortalidade . No contexto brasileiro, o DM2 é uma prioridade em saúde pública, com protocolos integrados para prevenção, diagnóstico e tratamento .","","","","","","","",""
diabetes-mellitus-2,"Diabetes Mellitus Tipo 2",sus.indicacao,"SUS screening indication","Rastreamento recomendado para adultos com sobrepeso (IMC ≥25 kg/m²) e fatores de risco, ou ≥35 anos, visando detecção precoce e prevenção de complicações .","","","","","","","",""
diabetes-mellitus-2,"Diabetes Mellitus Tipo 2",sus.populacaoAlvo,"SUS target population","Adultos ≥35 anos; indivíduos <35 anos com IMC ≥25 kg/m², hipertensão, dislipidemia, história familiar de DM2 ou gestantes com risco .","","","","","","","",""
diabetes-mellitus-2,"Diabetes Mellitus Tipo 2",sus.periodicidade,"SUS screening frequency","A cada 3 anos para indivíduos assintomáticos com glicemia normal; anualmente para aqueles com pré-diabetes ou fatores de risco elevados .","","","","","","","",""
diabetes-mellitus-2,"Diabetes Mellitus Tipo 2",sociedadesMedicas.indicacao,"Medical societies screening indication","A American Diabetes Association (ADA 2024) e Sociedade Brasileira de Diabetes (SBD 2023-2024) recomendam rastreamento para adultos ≥35 anos com sobrepeso ou fatores de risco, enfatizando abordagem personalizada .","","","","","","","",""
diabetes-mellitus-2,"Diabetes Mellitus Tipo 2",epidemiologia.prevalencia,"Prevalence data","Globalmente, afeta cerca de 10,5% dos adultos (537 milhões em 2021), projetado para 783 milhões até 2045 . No Brasil, prevalência de 7,4% em adultos (aproximadamente 19 milhões) .","","","","","","","",""
diabetes-mellitus-2,"Diabetes Mellitus Tipo 2",epidemiologia.incidencia,"Incidence data","Incidência global de 5,9 milhões de novos casos anuais . No Brasil, cerca de 1,5 milhão de novos casos por ano .","","","","","","","",""
diabetes-mellitus-2,"Diabetes Mellitus Tipo 2",epidemiologia.mortalidade,"Mortality data","Causa 6,7 milhões de mortes globais em 2021 (9ª causa principal) . No Brasil, responsável por 5,3% das mortes por doenças crônicas .","","","","","","","",""
dislipidemia,"Rastreamento de Dislipidemia",titulo,"Module title","Rastreamento de Dislipidemia","","","","","","","",""
dislipidemia,"Rastreamento de Dislipidemia",descricao,"Module description","O rastreamento de dislipidemia é essencial para a prevenção de eventos cardiovasculares ateroscleróticos, com foco na identificação precoce de alterações lipídicas como hipercolesterolemia e hipertrigliceridemia . No Brasil, a dislipidemia é um fator de risco prevalente, contribuindo para a alta morbimortalidade cardiovascular . A abordagem integrada considera o risco cardiovascular global .","","","","","","","",""
dislipidemia,"Rastreamento de Dislipidemia",sus.indicacao,"SUS screening indication","Rastreamento recomendado para prevenção de eventos cardiovasculares e pancreatite em indivíduos com fatores de risco ou ≥40 anos .","","","","","","","",""
dislipidemia,"Rastreamento de Dislipidemia",sus.populacaoAlvo,"SUS target population","Adultos ≥40 anos; indivíduos <40 anos com obesidade, diabetes, hipertensão ou história familiar de doença cardiovascular precoce .","","","","","","","",""
dislipidemia,"Rastreamento de Dislipidemia",sus.periodicidade,"SUS screening frequency","A cada 5 anos em indivíduos de baixo risco; anualmente em alto risco .","","","","","","","",""
dislipidemia,"Rastreamento de Dislipidemia",sociedadesMedicas.indicacao,"Medical societies screening indication","A Sociedade Brasileira de Cardiologia (2017) e diretrizes ESC recomendam rastreamento para avaliação de risco cardiovascular em adultos .","","","","","","","",""
dislipidemia,"Rastreamento de Dislipidemia",epidemiologia.prevalencia,"Prevalence data","No Brasil, a prevalência de dislipidemia é de aproximadamente 30-40% em adultos, com hipercolesterolemia afetando 25% da população . Globalmente, estima-se em 39% para hipercolesterolemia .","","","","","","","",""
dislipidemia,"Rastreamento de Dislipidemia",epidemiologia.incidencia,"Incidence data","A incidência anual de dislipidemia em adultos é de 5-10 casos por 1.000 habitantes, associada ao envelhecimento e obesidade . No Brasil, contribui para 20% dos novos casos de doença coronariana .","","","","","","","",""
dislipidemia,"Rastreamento de Dislipidemia",epidemiologia.mortalidade,"Mortality data","A dislipidemia contribui para 4,4 milhões de mortes globais por CVD anualmente . No Brasil, representa fator em 30% das mortes cardiovasculares .","","","","","","","",""
doenca-renal-cronica,"Rastreamento de Doença Renal Crônica",titulo,"Module title","Rastreamento de Doença Renal Crônica","","","","","","","",""
doenca-renal-cronica,"Rastreamento de Doença Renal Crônica",descricao,"Module description","A Doença Renal Crônica (DRC) é definida como anormalidades na estrutura ou função renal por mais de três meses, com implicações na saúde . A prevalência global é estimada em 9,1% a 13,4% em adultos . No Brasil, a prevalência é de aproximadamente 10,2% na população adulta . O rastreamento precoce visa identificar estágios iniciais para retardar a progressão .","","","","","","","",""
doenca-renal-cronica,"Rastreamento de Doença Renal Crônica",sus.indicacao,"SUS screening indication","Rastreamento recomendado para indivíduos com fatores de risco como diabetes mellitus, hipertensão arterial, doenças cardiovasculares, idade superior a 60 anos, história familiar de DRC, obesidade e tabagismo .","","","","","","","",""
doenca-renal-cronica,"Rastreamento de Doença Renal Crônica",sus.populacaoAlvo,"SUS target population","Adultos maiores de 18 anos com fatores de risco cardiovascular ou renal; priorizar pacientes com diabetes e hipertensão .","","","","","","","",""
doenca-renal-cronica,"Rastreamento de Doença Renal Crônica",sus.periodicidade,"SUS screening frequency","Anual para grupos de alto risco; a cada 1-2 anos para populações de risco moderado .","","","","","","","",""
doenca-renal-cronica,"Rastreamento de Doença Renal Crônica",sociedadesMedicas.indicacao,"Medical societies screening indication","A KDIGO (2024) recomenda avaliação de TFG e albuminúria em adultos com fatores de risco, incluindo diabetes, hipertensão, idade >60 anos, histórico familiar e marcadores de risco cardiovascular . A Sociedade Brasileira de Nefrologia (2022) endossa rastreamento similar para detecção precoce .","","","","","","","",""
doenca-renal-cronica,"Rastreamento de Doença Renal Crônica",epidemiologia.prevalencia,"Prevalence data","A prevalência global de DRC é de 9,1% a 13,4% em adultos, afetando cerca de 700 milhões de pessoas . No Brasil, estima-se em 10,2% da população adulta .","","","","","","","",""
doenca-renal-cronica,"Rastreamento de Doença Renal Crônica",epidemiologia.incidencia,"Incidence data","A incidência global é de aproximadamente 133 casos por milhão de habitantes por ano . No Brasil, a incidência anual é de cerca de 120-150 por milhão .","","","","","","","",""
doenca-renal-cronica,"Rastreamento de Doença Renal Crônica",epidemiologia.mortalidade,"Mortality data","A DRC contribui para 4,9 milhões de mortes globais em 2021, sendo a 9ª causa principal . No Brasil, representa cerca de 5% das mortes por doenças crônicas não transmissíveis .","","","","","","","",""
dpoc,"Rastreamento de Doença Pulmonar Obstrutiva Crônica (DPOC)",titulo,"Module title","Rastreamento de Doença Pulmonar Obstrutiva Crônica (DPOC)","","","","","","","",""
dpoc,"Rastreamento de Doença Pulmonar Obstrutiva Crônica (DPOC)",descricao,"Module description","A Doença Pulmonar Obstrutiva Crônica (DPOC) é uma doença respiratória crônica progressiva, caracterizada por limitação ao fluxo aéreo, sendo uma das principais causas de morbimortalidade global . O rastreamento visa identificar casos precocemente em populações de risco por meio de espirometria, reduzindo complicações e mortalidade . No contexto brasileiro, a DPOC afeta significativamente o sistema de saúde pública .","","","","","","","",""
dpoc,"Rastreamento de Doença Pulmonar Obstrutiva Crônica (DPOC)",sus.indicacao,"SUS screening indication","Rastreamento recomendado para indivíduos com sintomas respiratórios crônicos, tabagistas ou ex-tabagistas acima de 40 anos, e exposição ocupacional a poeiras ou fumos .","","","","","","","",""
dpoc,"Rastreamento de Doença Pulmonar Obstrutiva Crônica (DPOC)",sus.populacaoAlvo,"SUS target population","Adultos ≥40 anos com história de tabagismo ≥20 maços-ano, dispneia ou tosse crônica, e exposição ambiental .","","","","","","","",""
dpoc,"Rastreamento de Doença Pulmonar Obstrutiva Crônica (DPOC)",sus.periodicidade,"SUS screening frequency","Avaliação inicial com espirometria; repetição anual em casos confirmados ou de alto risco .","","","","","","","",""
dpoc,"Rastreamento de Doença Pulmonar Obstrutiva Crônica (DPOC)",sociedadesMedicas.indicacao,"Medical societies screening indication","A Global Initiative for Chronic Obstructive Lung Disease (GOLD 2024) e a Sociedade Brasileira de Pneumologia e Tisiologia (SBPT 2021) recomendam busca ativa (case-finding) em indivíduos de risco, não rastreamento populacional geral .","","","","","","","",""
dpoc,"Rastreamento de Doença Pulmonar Obstrutiva Crônica (DPOC)",epidemiologia.prevalencia,"Prevalence data","A prevalência global de DPOC em adultos >40 anos é estimada em 12,1% . No Brasil, a prevalência é de aproximadamente 13,6% em indivíduos >40 anos .","","","","","","","",""
dpoc,"Rastreamento de Doença Pulmonar Obstrutiva Crônica (DPOC)",epidemiologia.incidencia,"Incidence data","A incidência global varia de 1,5 a 2,5 casos por 1.000 pessoas-ano em populações de risco . No Brasil, estima-se 100.000 novos casos anuais .","","","","","","","",""
dpoc,"Rastreamento de Doença Pulmonar Obstrutiva Crônica (DPOC)",epidemiologia.mortalidade,"Mortality data","A DPOC é a terceira causa de morte global, com 3,23 milhões de óbitos em 2019 . No Brasil, representa cerca de 5% das mortes por doenças crônicas .","","","","","","","",""
epilepsia,"Epilepsia",titulo,"Module title","Epilepsia","","","","","","","",""
epilepsia,"Epilepsia",descricao,"Module description","A epilepsia é um distúrbio neurológico caracterizado por crises recorrentes e autolimitadas, com classificação atualizada pela ILAE considerando etiologia, comorbidades e síndrome . A identificação precoce em neonatos, lactentes e crianças é essencial para manejo . Malformações do desenvolvimento cortical estão associadas a epilepsia refratária .","","","","","","","",""
epilepsia,"Epilepsia",sus.indicacao,"SUS screening indication","Não há programa específico de rastreamento populacional no SUS para epilepsia; diagnóstico indicado por história clínica de crises recorrentes e avaliação neurológica . Recomendado em neonatos e crianças com suspeita de síndromes epilépticas .","","","","","","","",""
epilepsia,"Epilepsia",sus.populacaoAlvo,"SUS target population","Indivíduos com crises convulsivas suspeitas, neonatos, lactentes e crianças com fatores de risco como malformações corticais .","","","","","","","",""
epilepsia,"Epilepsia",sus.periodicidade,"SUS screening frequency","Avaliação imediata para diagnóstico; follow-up periódico conforme necessidade clínica, sem periodicidade fixa para rastreamento .","","","","","","","",""
epilepsia,"Epilepsia",sociedadesMedicas.indicacao,"Medical societies screening indication","A ILAE recomenda classificação e diagnóstico de síndromes epilépticas com base em idade de início, etiologia e EEG para orientação terapêutica . Identificação em neonatos e infância para manejo precoce .","","","","","","","",""
epilepsia,"Epilepsia",epidemiologia.prevalencia,"Prevalence data","A prevalência global de epilepsia é de aproximadamente 0,5-1% da população . Em neonatos e lactentes, a incidência de epilepsia é alta, afetando até 1-2% em grupos de risco . No Brasil, estima-se prevalência similar à global, em torno de 1% .","","","","","","","",""
epilepsia,"Epilepsia",epidemiologia.incidencia,"Incidence data","A incidência anual global é de 40-70 casos por 100.000 habitantes . Em neonatos, pode ser de 1-3 por 1.000 nascidos vivos .","","","","","","","",""
epilepsia,"Epilepsia",epidemiologia.mortalidade,"Mortality data","A mortalidade associada à epilepsia inclui status epilepticus com alta morbimortalidade; taxa de SUDEP é de cerca de 1 por 1.000 pacientes-ano .","","","","","","","",""
esquizofrenia,"Esquizofrenia",titulo,"Module title","Esquizofrenia","","","","","","","",""
esquizofrenia,"Esquizofrenia",descricao,"Module description","A esquizofrenia é uma síndrome heterogênea que afeta múltiplas dimensões da vida do paciente, sem cura, mas controlável com terapias farmacológicas e psicossociais . Definições inconsistentes de resistência ao tratamento limitam a pesquisa e a prática clínica . Aproximadamente 30% dos pacientes não respondem a dois ensaios adequados de antipsicóticos, caracterizando esquizofrenia resistente ao tratamento (TRS) . Consensos enfatizam a necessidade de abordagem multidimensional, incluindo monitoramento de saúde física devido a comorbidades elevadas .","","","","","","","",""
esquizofrenia,"Esquizofrenia",sus.indicacao,"SUS screening indication","Tratamento integral no SUS para sintomas psicóticos persistentes, incluindo antipsicóticos e reabilitação psicossocial em Centros de Atenção Psicossocial (CAPS) ","","","","","","","",""
esquizofrenia,"Esquizofrenia",sus.populacaoAlvo,"SUS target population","Adultos com diagnóstico de esquizofrenia ou transtornos psicóticos, priorizando casos resistentes ","","","","","","","",""
esquizofrenia,"Esquizofrenia",sus.periodicidade,"SUS screening frequency","Monitoramento contínuo com avaliações clínicas regulares a cada 3-6 meses ","","","","","","","",""
esquizofrenia,"Esquizofrenia",sociedadesMedicas.indicacao,"Medical societies screening indication","Diagnóstico baseado em critérios consensuais para resposta e resistência; tratamento inicial com antipsicóticos, clozapina para TRS após falha de dois agentes ","","","","","","","",""
esquizofrenia,"Esquizofrenia",epidemiologia.prevalencia,"Prevalence data","Prevalência vitalícia global de 0,3-0,7% em adultos ","","","","","","","",""
esquizofrenia,"Esquizofrenia",epidemiologia.incidencia,"Incidence data","Incidência anual de 10-22 casos por 100.000 adultos ","","","","","","","",""
esquizofrenia,"Esquizofrenia",epidemiologia.mortalidade,"Mortality data","Mortalidade excessiva com razão de mortalidade padronizada 2-3 vezes maior devido a comorbidades físicas e suicídio ","","","","","","","",""
fibrilacao-atrial,"Rastreamento de Fibrilação Atrial",titulo,"Module title","Rastreamento de Fibrilação Atrial","","","","","","","",""
fibrilacao-atrial,"Rastreamento de Fibrilação Atrial",descricao,"Module description","A fibrilação atrial (FA) é a arritmia cardíaca sustentada mais comum, associada a risco aumentado de acidente vascular cerebral (AVC) e insuficiência cardíaca . O rastreamento oportunista é essencial para detecção precoce em populações de risco, reduzindo complicações tromboembólicas . A prevalência global é estimada em 2-3% em adultos, aumentando para 8-10% em idosos acima de 80 anos . No Brasil, a prevalência é de aproximadamente 1,4% na população geral, com maior impacto em idosos .","","","","","","","",""
fibrilacao-atrial,"Rastreamento de Fibrilação Atrial",sus.indicacao,"SUS screening indication","Rastreamento recomendado para indivíduos ≥65 anos e aqueles com fatores de risco cardiovascular (hipertensão, diabetes, histórico familiar) .","","","","","","","",""
fibrilacao-atrial,"Rastreamento de Fibrilação Atrial",sus.populacaoAlvo,"SUS target population","Adultos ≥65 anos; adultos <65 anos com fatores de risco como hipertensão arterial, diabetes mellitus ou doença cardíaca .","","","","","","","",""
fibrilacao-atrial,"Rastreamento de Fibrilação Atrial",sus.periodicidade,"SUS screening frequency","Anual em populações de alto risco; a cada 2-3 anos em idosos assintomáticos .","","","","","","","",""
fibrilacao-atrial,"Rastreamento de Fibrilação Atrial",sociedadesMedicas.indicacao,"Medical societies screening indication","A European Society of Cardiology (ESC 2020) e American Heart Association (AHA 2019) recomendam rastreamento sistemático em adultos ≥65 anos para prevenção de AVC .","","","","","","","",""
fibrilacao-atrial,"Rastreamento de Fibrilação Atrial",epidemiologia.prevalencia,"Prevalence data","A prevalência global de FA é de 2,7% em adultos (cerca de 33 milhões de casos), com aumento exponencial com a idade . No Brasil, estima-se 1,4% na população adulta, afetando cerca de 2,3 milhões de pessoas .","","","","","","","",""
fibrilacao-atrial,"Rastreamento de Fibrilação Atrial",epidemiologia.incidencia,"Incidence data","A incidência global é de 0,6-1,0 casos por 100 habitantes-ano, elevando-se para 2% em idosos . No Brasil, a incidência anual é de aproximadamente 0,2-0,5 por 100 habitantes .","","","","","","","",""
fibrilacao-atrial,"Rastreamento de Fibrilação Atrial",epidemiologia.mortalidade,"Mortality data","A FA contribui para 20-30% dos casos de AVC isquêmico, com mortalidade 1,5-2 vezes maior em pacientes afetados . Globalmente, associa-se a 113.000 mortes anuais; no Brasil, é fator em cerca de 10% das mortes cardiovasculares .","","","","","","","",""
fibromialgia,"Fibromialgia",titulo,"Module title","Fibromialgia","","","","","","","",""
fibromialgia,"Fibromialgia",descricao,"Module description","A fibromialgia é uma síndrome de dor crônica generalizada associada a fadiga, distúrbios do sono e sintomas somáticos . O diagnóstico é essencialmente clínico, baseado em critérios validados, sem necessidade de exames complementares de rotina .","","","","","","","",""
fibromialgia,"Fibromialgia",sus.indicacao,"SUS screening indication","Diagnóstico indicado para pacientes com dor musculoesquelética crônica generalizada por pelo menos 3 meses, acompanhada de fadiga e distúrbios cognitivos .","","","","","","","",""
fibromialgia,"Fibromialgia",sus.populacaoAlvo,"SUS target population","Adultos e idosos com suspeita clínica de dor difusa sem causa orgânica identificável .","","","","","","","",""
fibromialgia,"Fibromialgia",sus.periodicidade,"SUS screening frequency","Avaliação diagnóstica realizada uma vez, quando sintomas sugestivos estão presentes; reavaliação conforme evolução clínica .","","","","","","","",""
fibromialgia,"Fibromialgia",sociedadesMedicas.indicacao,"Medical societies screening indication","Recomendado pelas sociedades de reumatologia o diagnóstico clínico em indivíduos com dor generalizada persistente e sintomas associados, utilizando critérios ACR .","","","","","","","",""
fibromialgia,"Fibromialgia",epidemiologia.prevalencia,"Prevalence data","A prevalência global da fibromialgia varia de 2% a 8% na população adulta, sendo mais comum em mulheres . No Brasil, estima-se em cerca de 2,5% a 4% .","","","","","","","",""
fibromialgia,"Fibromialgia",epidemiologia.incidencia,"Incidence data","A incidência anual é estimada em 2 a 4 casos por 1.000 adultos, com maior ocorrência em faixas etárias médias .","","","","","","","",""
fibromialgia,"Fibromialgia",epidemiologia.mortalidade,"Mortality data","A fibromialgia não está associada a aumento significativo de mortalidade, embora impacte qualidade de vida .","","","","","","","",""
hipertensao-arterial,"Rastreamento de Hipertensão Arterial",titulo,"Module title","Rastreamento de Hipertensão Arterial","","","","","","","",""
hipertensao-arterial,"Rastreamento de Hipertensão Arterial",descricao,"Module description","A hipertensão arterial é uma condição crônica caracterizada por elevados níveis pressóricos, sendo um fator de risco principal para doenças cardiovasculares . No Brasil, o rastreamento é essencial para detecção precoce e prevenção de complicações . A classificação segue critérios baseados em medições repetidas .","","","","","","","",""
hipertensao-arterial,"Rastreamento de Hipertensão Arterial",sus.indicacao,"SUS screening indication","Rastreamento recomendado para todos os adultos em consultas de atenção primária, com ênfase em indivíduos com fatores de risco .","","","","","","","",""
hipertensao-arterial,"Rastreamento de Hipertensão Arterial",sus.populacaoAlvo,"SUS target population","Adultos ≥ 18 anos; priorizar aqueles com obesidade, diabetes ou história familiar .","","","","","","","",""
hipertensao-arterial,"Rastreamento de Hipertensão Arterial",sus.periodicidade,"SUS screening frequency","Anual para adultos saudáveis; semestral ou trimestral para hipertensos controlados ou de alto risco .","","","","","","","",""
hipertensao-arterial,"Rastreamento de Hipertensão Arterial",sociedadesMedicas.indicacao,"Medical societies screening indication","A Sociedade Brasileira de Cardiologia recomenda rastreamento sistemático para detecção de hipertensão primária e secundária .","","","","","","","",""
hipertensao-arterial,"Rastreamento de Hipertensão Arterial",epidemiologia.prevalencia,"Prevalence data","A prevalência no Brasil é de aproximadamente 35% em adultos . Globalmente, afeta cerca de 1,28 bilhão de adultos .","","","","","","","",""
hipertensao-arterial,"Rastreamento de Hipertensão Arterial",epidemiologia.incidencia,"Incidence data","Incidência anual no Brasil varia de 2-5% em adultos jovens .","","","","","","","",""
hipertensao-arterial,"Rastreamento de Hipertensão Arterial",epidemiologia.mortalidade,"Mortality data","Responsável por 13% das mortes globais; no Brasil, contribui para 300 mil óbitos anuais por DCV .","","","","","","","",""
hipotireoidismo,"Rastreamento de Hipotireoidismo",titulo,"Module title","Rastreamento de Hipotireoidismo","","","","","","","",""
hipotireoidismo,"Rastreamento de Hipotireoidismo",descricao,"Module description","O rastreamento de hipotireoidismo visa identificar precocemente disfunções tireoidianas para prevenir complicações cardiovasculares e neurológicas . A prevalência global de hipotireoidismo subclínico é de aproximadamente 4,6% em adultos . No Brasil, estima-se uma prevalência de 9% em mulheres adultas . O hipotireoidismo congênito afeta 1 em 2.000 a 4.000 recém-nascidos .","","","","","","","",""
hipotireoidismo,"Rastreamento de Hipotireoidismo",sus.indicacao,"SUS screening indication","Rastreamento obrigatório para hipotireoidismo congênito em todos os recém-nascidos . Para adultos, indicado em grupos de risco como gestantes, idosos e pacientes com sintomas sugestivos .","","","","","","","",""
hipotireoidismo,"Rastreamento de Hipotireoidismo",sus.populacaoAlvo,"SUS target population","Todos os recém-nascidos no nascimento; adultos com fatores de risco (idade >60 anos, história familiar, sintomas) .","","","","","","","",""
hipotireoidismo,"Rastreamento de Hipotireoidismo",sus.periodicidade,"SUS screening frequency","Única vez no nascimento para congênito; a cada 6-12 meses em gestantes e anualmente em alto risco para adquirido .","","","","","","","",""
hipotireoidismo,"Rastreamento de Hipotireoidismo",sociedadesMedicas.indicacao,"Medical societies screening indication","A American Thyroid Association (2021) recomenda rastreamento em gestantes, pós-parto e recém-nascidos, mas não rotineiro em adultos assintomáticos . A SBEM (2022) endossa triagem em grupos de risco como mulheres >35 anos e pacientes com comorbidades .","","","","","","","",""
hipotireoidismo,"Rastreamento de Hipotireoidismo",epidemiologia.prevalencia,"Prevalence data","Prevalência global de hipotireoidismo manifesto é de 0,3-1%, e subclínico de 4-10% . No Brasil, prevalência de 3-9% em adultos, com maior impacto em mulheres . Para congênito, 1:3.000 nascidos vivos .","","","","","","","",""
hipotireoidismo,"Rastreamento de Hipotireoidismo",epidemiologia.incidencia,"Incidence data","Incidência anual global de 1-2 casos por 1.000 adultos . No Brasil, cerca de 1:2.500 para congênito .","","","","","","","",""
hipotireoidismo,"Rastreamento de Hipotireoidismo",epidemiologia.mortalidade,"Mortality data","Hipotireoidismo não tratado aumenta mortalidade cardiovascular em 20-50% . No Brasil, contribui para 5% das mortes por DCNT associadas .","","","","","","","",""
insuficiencia-cardiaca,"Insuficiência Cardíaca",titulo,"Module title","Insuficiência Cardíaca","","","","","","","",""
insuficiencia-cardiaca,"Insuficiência Cardíaca",descricao,"Module description","A insuficiência cardíaca (IC) é uma síndrome clínica caracterizada pela incapacidade do coração em bombear sangue suficiente para atender às demandas metabólicas do organismo, resultando em sintomas como dispneia, fadiga e retenção de líquidos . É uma das principais causas de morbimortalidade cardiovascular global, com alta prevalência de fatores de risco como hipertensão e diabetes . No contexto brasileiro, a IC afeta significativamente o sistema de saúde, com ênfase em protocolos integrados para diagnóstico e tratamento .","","","","","","","",""
insuficiencia-cardiaca,"Insuficiência Cardíaca",sus.indicacao,"SUS screening indication","Diagnóstico e tratamento da IC recomendado para pacientes com sintomas sugestivos (dispneia, edema) ou fatores de risco como hipertensão e IAM prévio, com uso de protocolos integrados no SUS .","","","","","","","",""
insuficiencia-cardiaca,"Insuficiência Cardíaca",sus.populacaoAlvo,"SUS target population","Adultos com suspeita clínica de IC, incluindo aqueles com hipertensão não controlada ou história de IAM; priorizar populações vulneráveis em atenção primária .","","","","","","","",""
insuficiencia-cardiaca,"Insuficiência Cardíaca",sus.periodicidade,"SUS screening frequency","Monitoramento anual para pacientes estáveis; reavaliação imediata em descompensação; ecocardiograma inicial e follow-up a cada 6-12 meses .","","","","","","","",""
insuficiencia-cardiaca,"Insuficiência Cardíaca",sociedadesMedicas.indicacao,"Medical societies screening indication","A AHA/ACC/HFSA (2022) recomenda avaliação diagnóstica para IC em pacientes com sintomas de congestão ou redução da tolerância ao exercício, com estratificação por fração de ejeção .","","","","","","","",""
insuficiencia-cardiaca,"Insuficiência Cardíaca",epidemiologia.prevalencia,"Prevalence data","A prevalência global de IC é de aproximadamente 1-2% na população adulta, aumentando para >10% em idosos >70 anos . No México, alta prevalência associada a fatores de risco . Em Portugal, 15,2% de HFpEF em ≥50 anos . No Brasil, estimada em 1,6-2,5% na população geral .","","","","","","","",""
insuficiencia-cardiaca,"Insuficiência Cardíaca",epidemiologia.incidencia,"Incidence data","Incidência global de 1-5 casos por 1.000 pessoas-ano, maior em populações com comorbidades . No Brasil, incidência anual de cerca de 2-3 por 1.000 em adultos >45 anos .","","","","","","","",""
insuficiencia-cardiaca,"Insuficiência Cardíaca",epidemiologia.mortalidade,"Mortality data","Mortalidade em 5 anos de 50% para IC sintomática . No Brasil, IC contribui para 10-15% das mortes cardiovasculares, com taxa de 30-40 por 100.000 habitantes .","","","","","","","",""
itu,"Rastreamento de Infecção do Trato Urinário",titulo,"Module title","Rastreamento de Infecção do Trato Urinário","","","","","","","",""
itu,"Rastreamento de Infecção do Trato Urinário",descricao,"Module description","O rastreamento de infecção do trato urinário (ITU) é essencial para identificação precoce em populações de risco, como gestantes e pacientes em unidades de terapia intensiva . A prevalência é elevada em mulheres adultas .","","","","","","","",""
itu,"Rastreamento de Infecção do Trato Urinário",sus.indicacao,"SUS screening indication","Rastreamento recomendado para gestantes e pacientes com fatores de risco em unidades hospitalares .","","","","","","","",""
itu,"Rastreamento de Infecção do Trato Urinário",sus.populacaoAlvo,"SUS target population","Gestantes; adultos em ITU com cateterismo urinário; mulheres com recorrência .","","","","","","","",""
itu,"Rastreamento de Infecção do Trato Urinário",sus.periodicidade,"SUS screening frequency","Semestral em gestantes; semanal em pacientes cateterizados em ITU .","","","","","","","",""
itu,"Rastreamento de Infecção do Trato Urinário",sociedadesMedicas.indicacao,"Medical societies screening indication","A American Diabetes Association (2024) e sociedades semelhantes recomendam rastreamento em populações vulneráveis, adaptado para ITU em contextos de risco metabólico .","","","","","","","",""
itu,"Rastreamento de Infecção do Trato Urinário",epidemiologia.prevalencia,"Prevalence data","A prevalência de ITU em mulheres adultas é de aproximadamente 50-60% ao longo da vida . No Brasil, estima-se em 10-15% em populações hospitalizadas .","","","","","","","",""
itu,"Rastreamento de Infecção do Trato Urinário",epidemiologia.incidencia,"Incidence data","A incidência anual em mulheres pré-menopausa é de 10-20% . Em pacientes em ITU, pode atingir 25% .","","","","","","","",""
itu,"Rastreamento de Infecção do Trato Urinário",epidemiologia.mortalidade,"Mortality data","A mortalidade direta por ITU complicada é baixa (1-2%), mas elevada em sepse (20-40%) . No Brasil, contribui para 5% das mortes hospitalares relacionadas a infecções .","","","","","","","",""
lombalgia,"Lombalgia",titulo,"Module title","Lombalgia","","","","","","","",""
lombalgia,"Lombalgia",descricao,"Module description","A lombalgia, ou dor lombar, é uma das principais causas de incapacidade global, afetando milhões de indivíduos . Representa um desafio significativo em protocolos clínicos e de rastreamento de distúrbios osteomusculares . A abordagem integrada entre tratamento não invasivo e manejo multidisciplinar é essencial .","","","","","","","",""
lombalgia,"Lombalgia",sus.indicacao,"SUS screening indication","Recomendado para pacientes com lombalgia aguda, subaguda ou crônica, priorizando abordagem não farmacológica e avaliação ocupacional em casos relacionados ao trabalho .","","","","","","","",""
lombalgia,"Lombalgia",sus.populacaoAlvo,"SUS target population","Adultos com dor lombar persistente >3 meses ou episódios recorrentes; trabalhadores expostos a fatores de risco ergonômicos .","","","","","","","",""
lombalgia,"Lombalgia",sus.periodicidade,"SUS screening frequency","Avaliação inicial imediata; follow-up a cada 4-6 semanas para lombalgia crônica, com reavaliação anual em contextos ocupacionais .","","","","","","","",""
lombalgia,"Lombalgia",sociedadesMedicas.indicacao,"Medical societies screening indication","Tratamento não invasivo recomendado para lombalgia aguda, subaguda e crônica, com foco em terapias multimodais .","","","","","","","",""
lombalgia,"Lombalgia",epidemiologia.prevalencia,"Prevalence data","Prevalência pontual global de 7,5% em adultos ; no Brasil, estima-se em 18-30% para lombalgia crônica .","","","","","","","",""
lombalgia,"Lombalgia",epidemiologia.incidencia,"Incidence data","Incidência anual global de 5-10% ; no Brasil, cerca de 9% em populações trabalhadoras .","","","","","","","",""
lombalgia,"Lombalgia",epidemiologia.mortalidade,"Mortality data","Baixa mortalidade direta, mas contribui para 60,8 milhões de anos vividos com incapacidade globalmente ; no Brasil, associada a morbidade ocupacional sem mortalidade significativa .","","","","","","","",""
obesidade,"Rastreamento e Manejo da Obesidade",titulo,"Module title","Rastreamento e Manejo da Obesidade","","","","","","","",""
obesidade,"Rastreamento e Manejo da Obesidade",descricao,"Module description","A obesidade é uma doença crônica multifatorial caracterizada por acúmulo excessivo de tecido adiposo que pode prejudicar a saúde . Está associada a comorbidades como síndrome metabólica , hipertensão , apneia obstrutiva do sono , diabetes em idosos , esteatose hepática metabólica  e risco vascular . No contexto brasileiro, representa um desafio significativo para o sistema de saúde .","","","","","","","",""
obesidade,"Rastreamento e Manejo da Obesidade",sus.indicacao,"SUS screening indication","Avaliação antropométrica para identificação de sobrepeso e obesidade em consultas de atenção primária, com ênfase em manejo integrado para doença crônica . Uso de liraglutida indicado para obesidade grau III ou II com comorbidades, após falha em mudanças de estilo de vida .","","","","","","","",""
obesidade,"Rastreamento e Manejo da Obesidade",sus.populacaoAlvo,"SUS target population","Adultos e adolescentes com IMC ≥25 kg/m², priorizando aqueles com fatores de risco como hipertensão, diabetes ou dislipidemia .","","","","","","","",""
obesidade,"Rastreamento e Manejo da Obesidade",sus.periodicidade,"SUS screening frequency","Monitoramento anual ou a cada consulta de rotina para avaliação de peso e IMC; reavaliação a cada 3-6 meses durante tratamento farmacológico .","","","","","","","",""
obesidade,"Rastreamento e Manejo da Obesidade",sociedadesMedicas.indicacao,"Medical societies screening indication","Rastreamento universal de obesidade em adultos por meio de medidas antropométricas, com intervenções lifestyle como primeira linha; farmacoterapia para obesidade clínica (IMC ≥30 kg/m² ou ≥27 kg/m² com comorbidades) .","","","","","","","",""
obesidade,"Rastreamento e Manejo da Obesidade",epidemiologia.prevalencia,"Prevalence data","Globalmente, a prevalência de obesidade em adultos é de 13% (cerca de 1 bilhão de pessoas em 2022) . No Brasil, estima-se em 22,4% entre adultos em 2021 .","","","","","","","",""
obesidade,"Rastreamento e Manejo da Obesidade",epidemiologia.incidencia,"Incidence data","A incidência anual de obesidade varia de 1 a 2% em populações adultas, com maior risco em indivíduos com sobrepeso inicial .","","","","","","","",""
obesidade,"Rastreamento e Manejo da Obesidade",epidemiologia.mortalidade,"Mortality data","A obesidade contribui para aproximadamente 4,7 milhões de mortes anuais globalmente, principalmente por doenças cardiovasculares e metabólicas . No Brasil, associa-se a elevada morbimortalidade por DCNT .","","","","","","","",""
osteoartrite,"Diagnóstico Precoce e Manejo da Osteoartrite",titulo,"Module title","Diagnóstico Precoce e Manejo da Osteoartrite","","","","","","","",""
osteoartrite,"Diagnóstico Precoce e Manejo da Osteoartrite",descricao,"Module description","A osteoartrite (OA) é a doença articular degenerativa mais prevalente, caracterizada por dor e rigidez articular, afetando principalmente joelhos, quadris e mãos . O diagnóstico precoce é essencial para intervenções não farmacológicas e farmacológicas que melhoram a qualidade de vida .","","","","","","","",""
osteoartrite,"Diagnóstico Precoce e Manejo da Osteoartrite",sus.indicacao,"SUS screening indication","Diagnóstico indicado para adultos com dor articular persistente >3 meses, idade >50 anos ou fatores de risco como obesidade e trauma prévio . Não há rastreamento populacional rotineiro, mas avaliação em atenção primária para sintomas .","","","","","","","",""
osteoartrite,"Diagnóstico Precoce e Manejo da Osteoartrite",sus.populacaoAlvo,"SUS target population","Adultos >50 anos com sintomas articulares ou fatores de risco (IMC >30 kg/m², ocupações de alto impacto) .","","","","","","","",""
osteoartrite,"Diagnóstico Precoce e Manejo da Osteoartrite",sus.periodicidade,"SUS screening frequency","Avaliação sob demanda, sem periodicidade fixa; reavaliação anual em casos de progressão .","","","","","","","",""
osteoartrite,"Diagnóstico Precoce e Manejo da Osteoartrite",sociedadesMedicas.indicacao,"Medical societies screening indication","A Sociedade Brasileira de Reumatologia recomenda diagnóstico clínico para pacientes com dor articular crônica e limitação funcional . Avaliação em indivíduos de risco para detecção precoce .","","","","","","","",""
osteoartrite,"Diagnóstico Precoce e Manejo da Osteoartrite",epidemiologia.prevalencia,"Prevalence data","A prevalência global de OA sintomática é de aproximadamente 7% em adultos >50 anos, atingindo 30% em >65 anos . No Brasil, estima-se 6,2% na população adulta, com maior impacto em mulheres .","","","","","","","",""
osteoartrite,"Diagnóstico Precoce e Manejo da Osteoartrite",epidemiologia.incidencia,"Incidence data","A incidência anual é de 10-20 casos por 1.000 pessoas >45 anos globalmente . No Brasil, cerca de 1,5% ao ano em idosos .","","","","","","","",""
osteoartrite,"Diagnóstico Precoce e Manejo da Osteoartrite",epidemiologia.mortalidade,"Mortality data","A mortalidade direta é baixa (<1%), mas OA contribui para 2-3% das mortes por incapacidade e comorbidades cardiovasculares . No Brasil, associa-se a 1,2% das internações por DCNT .","","","","","","","",""
osteoporose,"Diagnóstico e Tratamento da Osteoporose",titulo,"Module title","Diagnóstico e Tratamento da Osteoporose","","","","","","","",""
osteoporose,"Diagnóstico e Tratamento da Osteoporose",descricao,"Module description","A osteoporose é uma doença metabólica óssea caracterizada por baixa massa óssea, deterioração da microarquitetura óssea e aumento do risco de fraturas . A introdução da dual-energy X-ray absorptiometry (DXA) revolucionou o diagnóstico e manejo da osteoporose desde os anos 1980 . No Brasil, a osteoporose é considerada um problema de saúde pública, com alta incidência de fraturas em mulheres pós-menopausa . O diagnóstico baseia-se em T-score ≤ -2,5 pela DXA, além de avaliação de risco de fraturas .","","","","","","","",""
osteoporose,"Diagnóstico e Tratamento da Osteoporose",sus.indicacao,"SUS screening indication","Rastreamento por DXA recomendado para mulheres pós-menopausa ≥65 anos ou com fatores de risco como fratura prévia, uso de glicocorticoides ou baixa massa óssea . Tratamento com bifosfonatos ou denosumabe para T-score ≤ -2,5 ou fratura osteoporótica .","","","","","","","",""
osteoporose,"Diagnóstico e Tratamento da Osteoporose",sus.populacaoAlvo,"SUS target population","Mulheres pós-menopausa ≥65 anos; mulheres <65 anos com fatores de risco (fratura, raquitismo, hipogonadismo) .","","","","","","","",""
osteoporose,"Diagnóstico e Tratamento da Osteoporose",sus.periodicidade,"SUS screening frequency","DXA a cada 1-2 anos em pacientes de alto risco; monitoramento anual para tratamento com denosumabe .","","","","","","","",""
osteoporose,"Diagnóstico e Tratamento da Osteoporose",sociedadesMedicas.indicacao,"Medical societies screening indication","A AACE/ACE (2020) recomenda DXA para mulheres ≥65 anos e homens ≥70 anos; tratamento farmacológico para T-score ≤ -2,5 ou fratura de fragilidade . Diretrizes Brasileiras (2021) enfatizam screening em mulheres pós-menopausa com risco . Austrian Society (2024) atualiza para inclusão de REMS como alternativa não-ionizante .","","","","","","","",""
osteoporose,"Diagnóstico e Tratamento da Osteoporose",epidemiologia.prevalencia,"Prevalence data","A prevalência global de osteoporose em mulheres >50 anos é de cerca de 18-23%, com maior incidência em países desenvolvidos . No Brasil, estima-se em 10-15% em mulheres pós-menopausa .","","","","","","","",""
osteoporose,"Diagnóstico e Tratamento da Osteoporose",epidemiologia.incidencia,"Incidence data","Incidência de fraturas osteoporóticas é de 1-2 por 100 mulheres/ano >50 anos globalmente . No Brasil, fraturas vertebrais afetam 20% das mulheres >65 anos .","","","","","","","",""
osteoporose,"Diagnóstico e Tratamento da Osteoporose",epidemiologia.mortalidade,"Mortality data","Fraturas de quadril associadas a 20% de mortalidade em 1 ano . No Brasil, osteoporose contribui para 5-10% das mortes por DCNT em idosos .","","","","","","","",""
parkinson,"Doença de Parkinson",titulo,"Module title","Doença de Parkinson","","","","","","","",""
parkinson,"Doença de Parkinson",descricao,"Module description","A doença de Parkinson (DP) é uma doença neurodegenerativa progressiva caracterizada por tremor, rigidez, bradicinesia e instabilidade postural . O diagnóstico é principalmente clínico, sem rastreamento populacional rotineiro recomendado . A gestão envolve terapia física, farmacológica e nutricional para melhorar a qualidade de vida .","","","","","","","",""
parkinson,"Doença de Parkinson",sus.indicacao,"SUS screening indication","Não há programa específico de rastreamento populacional para DP no SUS; diagnóstico baseado em sintomas e avaliação neurológica em atenção primária . Recomenda-se manejo multidisciplinar para casos confirmados .","","","","","","","",""
parkinson,"Doença de Parkinson",sus.populacaoAlvo,"SUS target population","Adultos com sintomas sugestivos (tremor em repouso, bradicinesia) ≥50 anos; idosos com declínio motor .","","","","","","","",""
parkinson,"Doença de Parkinson",sus.periodicidade,"SUS screening frequency","Avaliação contínua em atenção primária para pacientes diagnosticados; sem periodicidade para rastreamento assintomático .","","","","","","","",""
parkinson,"Doença de Parkinson",sociedadesMedicas.indicacao,"Medical societies screening indication","A American Physical Therapy Association (2022) recomenda terapia física para manejo de DP . Canadian Guideline (2019) enfatiza diagnóstico precoce e tratamento farmacológico . Consensus on tremors (2018) auxilia na classificação .","","","","","","","",""
parkinson,"Doença de Parkinson",epidemiologia.prevalencia,"Prevalence data","Prevalência global de DP é de aproximadamente 1% em indivíduos >60 anos, afetando cerca de 10 milhões de pessoas . No Canadá e contextos semelhantes, 0,3% na população geral . No Brasil, estimativas indicam 200.000 casos, com prevalência de 0,5-1% em idosos .","","","","","","","",""
parkinson,"Doença de Parkinson",epidemiologia.incidencia,"Incidence data","Incidência anual de 8-18 casos por 100.000 habitantes, aumentando com a idade .","","","","","","","",""
parkinson,"Doença de Parkinson",epidemiologia.mortalidade,"Mortality data","DP contribui para mortalidade por complicações como quedas e pneumonia; taxa de mortalidade padronizada ~1,5 vezes maior que a população geral .","","","","","","","",""
pneumonia,"Pneumonia",titulo,"Module title","Pneumonia","","","","","","","",""
pneumonia,"Pneumonia",descricao,"Module description","A pneumonia é uma infecção aguda do parênquima pulmonar causada por bactérias, vírus ou fungos, representando uma das principais causas de morbimortalidade respiratória . Pode ser classificada como adquirida na comunidade (CAP), hospitalar (HAP) ou associada à ventilação mecânica (VAP) . Em crianças, é uma causa comum de hospitalização . No contexto brasileiro, o manejo segue protocolos para infecções respiratórias .","","","","","","","",""
pneumonia,"Pneumonia",sus.indicacao,"SUS screening indication","Manejo clínico de infecções respiratórias agudas, incluindo pneumonia como complicação de influenza ou em atenção básica para casos leves .","","","","","","","",""
pneumonia,"Pneumonia",sus.populacaoAlvo,"SUS target population","Adultos e crianças com sintomas respiratórios agudos, priorizando grupos vulneráveis como idosos e imunocomprometidos .","","","","","","","",""
pneumonia,"Pneumonia",sus.periodicidade,"SUS screening frequency","Avaliação imediata para sintomas agudos; follow-up conforme evolução clínica, sem periodicidade fixa para rastreamento .","","","","","","","",""
pneumonia,"Pneumonia",sociedadesMedicas.indicacao,"Medical societies screening indication","Diagnóstico e tratamento empírico de CAP em adultos com sintomas como febre, tosse e infiltrados pulmonares ; para HAP/VAP, cobertura para patógenos multirresistentes ; em crianças >3 meses, avaliação etiológica  .","","","","","","","",""
pneumonia,"Pneumonia",epidemiologia.prevalencia,"Prevalence data","A pneumonia afeta cerca de 5-11 casos por 1.000 adultos/ano globalmente para CAP ; em crianças, é prevalente em <5 anos com taxas de 0,5-2% . No Brasil, estima-se 1-2 milhões de casos anuais de CAP .","","","","","","","",""
pneumonia,"Pneumonia",epidemiologia.incidencia,"Incidence data","Incidência global de pneumonia é de 150 milhões de casos/ano, com 4-5 milhões de mortes ; para VAP, 10-20% dos ventilados . No Brasil, incidência de CAP é 3-5/1.000 habitantes/ano .","","","","","","","",""
pneumonia,"Pneumonia",epidemiologia.mortalidade,"Mortality data","Mortalidade de CAP em adultos é 5-7% em hospitalizados ; para VAP, 20-40% ; em crianças, <1% com tratamento adequado . No Brasil, pneumonia é 4ª causa de morte por doenças respiratórias .","","","","","","","",""
psoriase,"Psoríase",titulo,"Module title","Psoríase","","","","","","","",""
psoriase,"Psoríase",descricao,"Module description","A psoríase é uma doença inflamatória crônica e imunomediada da pele, caracterizada por placas eritematoescamosas . A prevalência global varia de 1% a 3% . No Brasil, estima-se em 1% a 2% da população . O consenso brasileiro atualiza o manejo, incluindo algoritmos de tratamento . Biossimilares são recomendados para reduzir custos em terapias biológicas .","","","","","","","",""
psoriase,"Psoríase",sus.indicacao,"SUS screening indication","Diagnóstico clínico para lesões cutâneas suspeitas de psoríase; tratamento acessível via SUS para casos moderados a graves .","","","","","","","",""
psoriase,"Psoríase",sus.populacaoAlvo,"SUS target population","Adultos e crianças com sintomas cutâneos persistentes ou história familiar .","","","","","","","",""
psoriase,"Psoríase",sus.periodicidade,"SUS screening frequency","Avaliação inicial e monitoramento a cada 3-6 meses conforme resposta ao tratamento .","","","","","","","",""
psoriase,"Psoríase",sociedadesMedicas.indicacao,"Medical societies screening indication","A Sociedade Brasileira de Dermatologia recomenda diagnóstico baseado em critérios clínicos e tratamento escalonado por gravidade . Posição portuguesa endossa biossimilares para psoríase moderada a grave .","","","","","","","",""
psoriase,"Psoríase",epidemiologia.prevalencia,"Prevalence data","Global: 1-3% em adultos . Brasil: 1-2% .","","","","","","","",""
psoriase,"Psoríase",epidemiologia.incidencia,"Incidence data","Incidência anual de 0,1-0,2% em populações caucasianas; menor em populações latinas .","","","","","","","",""
psoriase,"Psoríase",epidemiologia.mortalidade,"Mortality data","Baixa diretamente, mas aumenta risco de comorbidades cardiovasculares (RR 1,5-2,0) .","","","","","","","",""
rinite-alergica,"Rinite Alérgica",titulo,"Module title","Rinite Alérgica","","","","","","","",""
rinite-alergica,"Rinite Alérgica",descricao,"Module description","A rinite alérgica é uma doença inflamatória mediada por IgE da mucosa nasal, caracterizada por sintomas como espirros, rinorreia, obstrução nasal e coceira . A condição afeta a qualidade de vida e pode estar associada à asma . No contexto brasileiro, representa um desafio significativo no sistema de saúde pública .","","","","","","","",""
rinite-alergica,"Rinite Alérgica",sus.indicacao,"SUS screening indication","Diagnóstico e manejo recomendado para pacientes com sintomas nasais persistentes ou intermitentes, especialmente em populações com história familiar de atopia ou exposição a alérgenos .","","","","","","","",""
rinite-alergica,"Rinite Alérgica",sus.populacaoAlvo,"SUS target population","Indivíduos de todas as idades com sintomas sugestivos de rinite, priorizando crianças e adultos em áreas urbanas com alta exposição ambiental .","","","","","","","",""
rinite-alergica,"Rinite Alérgica",sus.periodicidade,"SUS screening frequency","Avaliação inicial e seguimento anual ou conforme necessidade clínica para controle sintomático .","","","","","","","",""
rinite-alergica,"Rinite Alérgica",sociedadesMedicas.indicacao,"Medical societies screening indication","A ARIA (Allergic Rhinitis and its Impact on Asthma) 2019 recomenda avaliação para pacientes com sintomas alérgicos nasais, integrando classificação em intermitente/persistente e leve/moderada-grave .","","","","","","","",""
rinite-alergica,"Rinite Alérgica",epidemiologia.prevalencia,"Prevalence data","A prevalência global de rinite alérgica é estimada em 10-40% em adultos e até 40% em crianças . No Brasil, atinge cerca de 20-30% da população, com maior impacto em regiões urbanas .","","","","","","","",""
rinite-alergica,"Rinite Alérgica",epidemiologia.incidencia,"Incidence data","A incidência anual varia de 5-10% em populações atópicas . No Brasil, observa-se aumento de 2-5% ao ano em áreas metropolitanas .","","","","","","","",""
rinite-alergica,"Rinite Alérgica",epidemiologia.mortalidade,"Mortality data","A mortalidade direta é baixa, inferior a 0,1%, mas contribui indiretamente para morbimortalidade por complicações respiratórias .","","","","","","","",""
sinusite,"Sinusite Aguda",titulo,"Module title","Sinusite Aguda","","","","","","","",""
sinusite,"Sinusite Aguda",descricao,"Module description","A sinusite aguda é uma inflamação das mucosas dos seios paranasais, frequentemente associada a infecções virais ou bacterianas . O tratamento antibiótico sistêmico é utilizado em prática rotineira para casos exacerbados em adultos e crianças . Em crianças, a terapia oral é recomendada para sinusite aguda sintomática . Nos adultos, o manejo inclui antibióticos orais em infecções confirmadas .","","","","","","","",""
sinusite,"Sinusite Aguda",sus.indicacao,"SUS screening indication","No SUS, o tratamento com antibióticos é indicado para sinusite aguda bacteriana suspeita em adultos e crianças com sintomas persistentes >10 dias ou agravamento .","","","","","","","",""
sinusite,"Sinusite Aguda",sus.populacaoAlvo,"SUS target population","Crianças e adultos com sintomas de sinusite aguda, priorizando casos com risco de complicações .","","","","","","","",""
sinusite,"Sinusite Aguda",sus.periodicidade,"SUS screening frequency","Tratamento agudo, sem rastreamento periódico; reavaliação em 48-72 horas se sem melhora .","","","","","","","",""
sinusite,"Sinusite Aguda",sociedadesMedicas.indicacao,"Medical societies screening indication","Sociedades recomendam antibióticos para sinusite aguda em adultos e crianças apenas se sintomas >10 dias, febre alta ou piora após melhora inicial .","","","","","","","",""
sinusite,"Sinusite Aguda",epidemiologia.prevalencia,"Prevalence data","A prevalência de sinusite aguda é estimada em 10-15% da população anual, com maior incidência em crianças . No Brasil, afeta cerca de 11% das consultas respiratórias .","","","","","","","",""
sinusite,"Sinusite Aguda",epidemiologia.incidencia,"Incidence data","Incidência global de 0,5-2% por ano, com picos sazonais .","","","","","","","",""
sinusite,"Sinusite Aguda",epidemiologia.mortalidade,"Mortality data","Baixa mortalidade (<0,1%), principalmente em complicações raras como meningite .","","","","","","","",""
toc,"Transição de Cuidados",titulo,"Module title","Transição de Cuidados","","","","","","","",""
toc,"Transição de Cuidados",descricao,"Module description","A transição de cuidados (ToC) refere-se ao processo coordenado de passagem de pacientes com condições crônicas ou pós-AVC do ambiente hospitalar para o domicílio e comunidade, visando melhorar a participação e qualidade de vida . Em países em desenvolvimento, como o Brasil, a ToC para jovens com necessidades especiais de saúde é essencial devido à melhora na sobrevivência de doenças crônicas na infância . Recomendações incluem melhoria na comunicação, uso de coordenadores de transição e educação de pacientes/cuidadores .","","","","","","","",""
toc,"Transição de Cuidados",sus.indicacao,"SUS screening indication","Transição de cuidados recomendada para jovens com doenças crônicas de início na infância e pacientes pós-AVC para integração ao sistema de saúde adulta .","","","","","","","",""
toc,"Transição de Cuidados",sus.populacaoAlvo,"SUS target population","Jovens com necessidades especiais de saúde e sobreviventes de AVC .","","","","","","","",""
toc,"Transição de Cuidados",sus.periodicidade,"SUS screening frequency","Planejamento contínuo durante a internação e follow-up pós-alta .","","","","","","","",""
toc,"Transição de Cuidados",sociedadesMedicas.indicacao,"Medical societies screening indication","American Congress of Rehabilitation Medicine recomenda ToC pós-AVC com foco em participação comunitária . Indian Academy of Pediatrics enfatiza ToC organizada para juventude com condições crônicas .","","","","","","","",""
toc,"Transição de Cuidados",epidemiologia.prevalencia,"Prevalence data","Grande proporção de crianças com doenças crônicas sobrevivem até a idade adulta, necessitando de ToC .","","","","","","","",""
toc,"Transição de Cuidados",epidemiologia.incidencia,"Incidence data","Incidência de necessidade de ToC aumenta com melhora na sobrevivência de condições crônicas pediátricas .","","","","","","","",""
toc,"Transição de Cuidados",epidemiologia.mortalidade,"Mortality data","Transições inadequadas contribuem para rehospitalizações e maior mortalidade em pacientes pós-AVC .","","","","","","","",""
transtorno-bipolar,"Rastreamento do Transtorno Bipolar",titulo,"Module title","Rastreamento do Transtorno Bipolar","","","","","","","",""
transtorno-bipolar,"Rastreamento do Transtorno Bipolar",descricao,"Module description","O transtorno bipolar é uma condição psiquiátrica caracterizada por episódios alternados de mania/hipomania e depressão, afetando o humor, energia e funcionamento diário . A prevalência global é estimada em 1,0% , enquanto no Brasil atinge cerca de 0,9% da população adulta . O rastreamento precoce é essencial para reduzir riscos de suicídio e morbidade .","","","","","","","",""
transtorno-bipolar,"Rastreamento do Transtorno Bipolar",sus.indicacao,"SUS screening indication","Rastreamento recomendado em atenção primária para adultos com sintomas afetivos persistentes, histórico familiar ou comorbidades psiquiátricas .","","","","","","","",""
transtorno-bipolar,"Rastreamento do Transtorno Bipolar",sus.populacaoAlvo,"SUS target population","Adultos ≥18 anos com queixas de humor instável, irritabilidade ou alterações de energia; priorizar grupos com fatores de risco como abuso de substâncias .","","","","","","","",""
transtorno-bipolar,"Rastreamento do Transtorno Bipolar",sus.periodicidade,"SUS screening frequency","Avaliação inicial anual em contextos de risco; reavaliação conforme sintomas .","","","","","","","",""
transtorno-bipolar,"Rastreamento do Transtorno Bipolar",sociedadesMedicas.indicacao,"Medical societies screening indication","A American Psychiatric Association (APA, 2022) e a Canadian Network for Mood and Anxiety Treatments (CANMAT, 2018) recomendam rastreamento para indivíduos com episódios depressivos recorrentes ou suspeita de mania .","","","","","","","",""
transtorno-bipolar,"Rastreamento do Transtorno Bipolar",epidemiologia.prevalencia,"Prevalence data","A prevalência global de transtorno bipolar é de 1,0% (cerca de 40 milhões de adultos) . No Brasil, estima-se em 0,9% entre adultos, com maior impacto em áreas urbanas .","","","","","","","",""
transtorno-bipolar,"Rastreamento do Transtorno Bipolar",epidemiologia.incidencia,"Incidence data","A incidência global varia de 0,2 a 0,4 casos por 1.000 pessoas-ano . No Brasil, dados indicam cerca de 0,3 por 1.000 habitantes anualmente .","","","","","","","",""
transtorno-bipolar,"Rastreamento do Transtorno Bipolar",epidemiologia.mortalidade,"Mortality data","O transtorno bipolar eleva o risco de mortalidade em 2-3 vezes, principalmente por suicídio (15-20% dos casos) . No Brasil, contribui para 5-10% das mortes por causas psiquiátricas .","","","","","","","",""
transtorno-panico,"Rastreamento do Transtorno de Pânico",titulo,"Module title","Rastreamento do Transtorno de Pânico","","","","","","","",""
transtorno-panico,"Rastreamento do Transtorno de Pânico",descricao,"Module description","O transtorno de pânico é um distúrbio de ansiedade caracterizado por ataques de pânico recorrentes e inesperados, frequentemente acompanhados de preocupação persistente sobre ocorrências adicionais . A prevalência ao longo da vida é estimada em 4,7% globalmente . No Brasil, a prevalência é de aproximadamente 5,8% na população adulta . O rastreamento precoce é essencial para melhorar os desfechos e reduzir o impacto na qualidade de vida .","","","","","","","",""
transtorno-panico,"Rastreamento do Transtorno de Pânico",sus.indicacao,"SUS screening indication","Rastreamento recomendado em atenção primária para adultos com sintomas de ansiedade ou histórico familiar . Indicado para indivíduos com queixas somáticas inexplicadas .","","","","","","","",""
transtorno-panico,"Rastreamento do Transtorno de Pânico",sus.populacaoAlvo,"SUS target population","Adultos ≥18 anos com fatores de risco como estresse crônico ou comorbidades psiquiátricas .","","","","","","","",""
transtorno-panico,"Rastreamento do Transtorno de Pânico",sus.periodicidade,"SUS screening frequency","Avaliação anual em consultas de rotina para populações de risco . Reavaliação imediata em crises agudas .","","","","","","","",""
transtorno-panico,"Rastreamento do Transtorno de Pânico",sociedadesMedicas.indicacao,"Medical societies screening indication","A Associação Brasileira de Psiquiatria (ABP, 2022) e a American Psychiatric Association (APA, 2013) recomendam rastreamento em adultos com episódios de ansiedade intensa .","","","","","","","",""
transtorno-panico,"Rastreamento do Transtorno de Pânico",epidemiologia.prevalencia,"Prevalence data","A prevalência global de 12 meses é de 2,7% . No Brasil, a prevalência é de 5,8% em adultos .","","","","","","","",""
transtorno-panico,"Rastreamento do Transtorno de Pânico",epidemiologia.incidencia,"Incidence data","A incidência anual global é de cerca de 1-2% em populações adultas . No Brasil, estima-se em 1,5% .","","","","","","","",""
transtorno-panico,"Rastreamento do Transtorno de Pânico",epidemiologia.mortalidade,"Mortality data","Baixa mortalidade direta, mas associada a risco aumentado de suicídio (OR 2,5) . No Brasil, contribui para 3% das mortes por causas psiquiátricas .","","","","","","","",""